time,open,high,low,close
1587636000,5770,5822,5755.6,5798.1
1587650400,5797.9,5847.9,5762.1,5773.2
1587664800,5773.2,5796.8,5744.1,5769.5
1587679200,5756.8,5770.2,5731.6,5740.2
1587693600,5740,5755,5720.3,5744.3
1587708000,5744.4,5790.2,5728.8,5778.4
1587722400,5778.5,5814.7,5771.2,5775.7
1587736800,5776,5793.9,5745.9,5792.6
1587751200,5792.7,5813,5786.9,5795.8
1587938400,5796.8,5824.3,5772.9,5819.8
1587952800,5819.7,5859.9,5818.3,5848
1587967200,5848.3,5859.2,5817.9,5850
1587981600,5850.1,5854.6,5792.9,5806.6
1587996000,5806.7,5854.1,5799.4,5845.1
1588010400,5845,5878.5,5845,5859.1
1588024800,5854,5875.5,5832.8,5835.8
1588039200,5835.7,5857.1,5830.4,5853.7
1588053600,5853.7,5944,5834.5,5943.6
1588068000,5943.7,5978,5926.8,5952.5
1588082400,5952.7,5970.4,5911.5,5946.9
1588096800,5947.1,5959.6,5913.1,5926
1588111200,5936.2,5994.1,5924,5978.8
1588125600,5978.9,5998.2,5976.1,5988.9
1588140000,5988.8,6016.1,5954.2,6010.6
1588154400,6010.7,6099.5,5982.4,6095.7
1588168800,6095.5,6140.5,6078.1,6122.8
1588183200,6123.2,6140.3,6110.1,6131.7
1588197600,6154.6,6159.4,6117.7,6129.8
1588212000,6129.9,6215.1,6128.7,6189.1
1588226400,6189.1,6190,6087.8,6106.4
1588240800,6106.5,6113.7,5941.9,5969
1588255200,5969.1,5977.5,5852.5,5861.5
1588269600,5861.4,5903.4,5842.8,5852.1
1588284000,5831.3,5865.1,5810,5837.7
1588298400,5837.5,5841.8,5811,5820.6
1588312800,5820.6,5820.6,5748,5779.3
1588327200,5779.2,5809.4,5771.7,5777.6
1588341600,5777.7,5793.5,5742.9,5754.6
1588356000,5754.7,5771.5,5742.7,5744.7
1588543200,5727,5761.4,5668.3,5708
1588557600,5708.2,5734.6,5694,5714.8
1588572000,5714.5,5776.9,5708.3,5749.6
1588586400,5749.5,5777.1,5741.6,5773.1
1588600800,5773.2,5797.7,5743.9,5763.7
1588615200,5763.8,5818.6,5755.9,5798.8
1588629600,5799.1,5842.7,5793.1,5838.8
1588644000,5838.8,5841.8,5822.4,5835.5
1588658400,5835.5,5869.8,5791.3,5824.4
1588672800,5824.1,5872,5806.6,5869.1
1588687200,5869.2,5872.5,5830.7,5850.6
1588701600,5850.4,5854.8,5801,5813
1588716000,5824.5,5839.8,5789.2,5815.9
1588730400,5816,5851.4,5801.6,5847
1588744800,5847.2,5913.4,5838.1,5888
1588759200,5887.9,5901.7,5861.9,5869.3
1588773600,5869.4,5888.3,5841.2,5857.5
1588788000,5857.4,5863.8,5812.7,5819.1
1588802400,5823.1,5851.6,5800.5,5841
1588816800,5841.2,5871,5835.8,5854.6
1588831200,5854.5,5912.9,5851.2,5904.7
1588845600,5904.8,5947.2,5891.5,5938.7
1588860000,5938.2,5955.5,5914.9,5919.2
1588874400,5919.3,5929.7,5888.7,5922.3
1588888800,5920.8,5967.3,5918.6,5953.7
1588903200,5954.2,5987.9,5952.7,5983.8
1588917600,5983.9,5992.9,5951.9,5955.9
1589148000,5972.5,6011.9,5967.6,5992.7
1589162400,5992.5,6000.7,5983.6,5992.6
1589176800,5992.1,6004.1,5905.5,5919.1
1589191200,5919,5938.1,5900,5916.6
1589205600,5916.8,5985.5,5916.7,5969.4
1589220000,5969.3,5979,5950.6,5954.8
1589234400,5958.3,5974.7,5909.2,5924.7
1589248800,5924.5,5948.8,5912.8,5937.3
1589263200,5937.3,5982.3,5916.8,5980.9
1589277600,5980.8,6016.9,5972.2,5999.9
1589292000,6000,6016.2,5978.5,5984.3
1589306400,5984.4,5987.4,5879.3,5881
1589320800,5896.1,5925.8,5873.3,5905.4
1589335200,5905.3,5949,5905.3,5933.7
1589349600,5933.8,5949.3,5897.3,5930.6
1589364000,5930.7,5953.6,5905.7,5920.8
1589378400,5920.5,5950.4,5838.6,5857
1589392800,5857.1,5877.8,5834.4,5876.3
1589407200,5870.7,5876.3,5834.1,5841.5
1589421600,5841.4,5856.1,5828.4,5831
1589436000,5830.8,5840.1,5758.9,5782.1
1589450400,5782,5784.7,5665.2,5666.6
1589464800,5666.7,5785.9,5658.2,5761.3
1589479200,5761.2,5794.2,5744.2,5781.7
1589493600,5776.3,5800.5,5760.6,5775.5
1589508000,5775.5,5797.4,5756.5,5781.6
1589522400,5781.6,5848.8,5775,5813.5
1589536800,5813.6,5826.3,5756.8,5820.3
1589551200,5820.4,5838.4,5783,5815.3
1589565600,5815.2,5838.5,5806.3,5826.1
1589752800,5811.7,5887.9,5811.6,5881.5
1589767200,5881.6,5900.1,5872.9,5872.9
1589781600,5872.9,5954.4,5872.9,5919.5
1589796000,5919.6,6011.9,5916.6,5997.3
1589810400,5997.2,6070.6,5987.1,6064.1
1589824800,6064.2,6082.7,6051.9,6057.5
1589839200,6057.2,6080.1,6042.5,6042.8
1589853600,6042.8,6075.4,6031.3,6065.6
1589868000,6065.7,6120,6008.9,6022
1589882400,6022.1,6041.5,5964.9,5983
1589896800,5982.9,6011.9,5963.1,5994
1589911200,5994,5998.9,5928.2,5934.1
1589925600,5930.5,5993,5922,5992.9
1589940000,5993,5995.5,5972.1,5973.6
1589954400,5973.8,6011.9,5957,6007.3
1589968800,6007.1,6042.2,6002.4,6030.7
1589983200,6030.9,6078.1,6027.6,6047.7
1589997600,6047.8,6072.8,6045,6068.2
1590012000,6065.5,6070,6037.3,6038.2
1590026400,6038.1,6048.2,6024.4,6031.5
1590040800,6031.8,6040.1,6002.6,6012.5
1590055200,6012.5,6098,6002.6,6087.3
1590069600,6087.4,6092.9,6010.6,6029.7
1590084000,6029.8,6039.8,6009.4,6010.6
1590098400,6013.8,6051.9,6005.3,6014.1
1590112800,6014.1,6014.1,5943.5,5952.9
1590127200,5952,5965.5,5898.9,5944.7
1590141600,5944.8,6019.4,5944.4,6000.2
1590156000,6000.1,6024.3,5977.2,6020.7
1590170400,6020.8,6031.3,6015.6,6027.5
1590357600,6021.2,6056.2,6015.7,6039.6
1590372000,6039.4,6046.2,6028.4,6040.2
1590458400,6141.1,6154.8,6136.8,6151
1590472800,6151,6174.2,6082.3,6091.5
1590487200,6091.4,6093.1,6054,6059.2
1590501600,6059.3,6095.8,6052.1,6091.4
1590516000,6091.4,6094.2,6051.4,6063.5
1590530400,6059.4,6097.4,6054.5,6085.3
1590544800,6085.4,6119.6,6072.3,6109.7
1590559200,6109.9,6182.3,6099.5,6175.6
1590573600,6175.5,6181.2,6122,6130.1
1590588000,6130,6167.1,6101.5,6160
1590602400,6160.1,6193.3,6160,6192.5
1590616800,6190,6315.5,6173.1,6236.1
1590631200,6236,6242.5,6175.8,6219.6
1590645600,6219.6,6231.5,6163.9,6180.7
1590660000,6180.7,6247.1,6176.9,6229.5
1590674400,6229.6,6252.3,6216.9,6247.8
1590688800,6248,6249.7,6181.8,6211.3
1590703200,6207.9,6213.2,6155.3,6183.3
1590717600,6183.4,6200.8,6169,6181.4
1590732000,6181.1,6203.5,6150.9,6173.4
1590746400,6173.4,6183,6122.9,6126.1
1590760800,6126.2,6131.4,6052.6,6074.4
1590775200,6074.4,6129.9,6056.9,6120.2
1590962400,6114.8,6150.6,6051.2,6149.8
1590976800,6149.7,6156.7,6134.6,6146.1
1590991200,6146.2,6188.6,6116.3,6140.1
1591005600,6140,6167.1,6124.1,6148
1591020000,6148,6197.1,6143,6194.9
1591034400,6195.1,6209.1,6185,6207.8
1591048800,6204,6207,6167.1,6185.1
1591063200,6185,6216.8,6179.2,6212.4
1591077600,6212.4,6246.2,6184.4,6237.1
1591092000,6237.2,6250.3,6220,6233.1
1591106400,6233.2,6247.3,6224.2,6240.2
1591120800,6240.1,6251.8,6227.7,6248.6
1591135200,6249.6,6291.1,6240.7,6279.4
1591149600,6279.2,6299.1,6271.2,6295.7
1591164000,6295.9,6325.8,6274.2,6324.2
1591178400,6324.2,6354.6,6281.4,6349
1591192800,6349,6407.2,6348.5,6398.2
1591207200,6398.3,6419.4,6387.4,6394.6
1591221600,6391.9,6418.5,6376,6384.1
1591236000,6384,6394.8,6361.4,6377.5
1591250400,6377.5,6404.9,6354.1,6361.4
1591264800,6361.6,6415.5,6323.1,6367.5
1591279200,6367.4,6377,6334.9,6357.6
1591293600,6357.7,6361.3,6329,6356.8
1591308000,6353.7,6360,6339.7,6356
1591322400,6356.3,6413.6,6354.3,6407
1591336800,6407,6442.2,6390.4,6428.4
1591351200,6428.6,6491.1,6402.2,6476.4
1591365600,6476.6,6511,6460.4,6479.3
1591380000,6479.4,6486.9,6453.8,6460.9
1591567200,6479.4,6510.7,6467.9,6470.8
1591581600,6471,6485.5,6459.2,6473.5
1591596000,6473.6,6524.6,6432.8,6509
1591610400,6508.9,6522.7,6495.2,6502.8
1591624800,6502.9,6505,6460.1,6486.1
1591639200,6486.1,6518.4,6483.4,6505.5
1591653600,6511.2,6525.5,6483.2,6500.6
1591668000,6500.4,6509.9,6483.4,6503.2
1591682400,6503.2,6511.7,6351.8,6376.9
1591696800,6376.9,6385.2,6346.6,6350.1
1591711200,6350.1,6366.6,6322.8,6349
1591725600,6348.9,6359.4,6336.6,6340.7
1591740000,6344.5,6384.4,6341,6380.8
1591754400,6380.7,6388.3,6351.1,6370.3
1591768800,6370.4,6398.1,6313.5,6322.1
1591783200,6322.1,6377.6,6302.7,6346.1
1591797600,6346,6355.1,6314,6329.6
1591812000,6329.9,6365.5,6296.7,6306
1591826400,6297.6,6308.8,6246.3,6283
1591840800,6282.9,6283,6206.1,6209.4
1591855200,6209.4,6221.8,6159,6215.4
1591869600,6215.5,6221.7,6132.4,6166.8
1591884000,6167,6173.9,6025.1,6050.1
1591898400,6050,6050.9,5972.3,6002.5
1591912800,6012.6,6048.7,5986.3,6036.4
1591927200,6036.3,6071.8,6033.4,6068
1591941600,6068,6165.7,5996.5,6161.7
1591956000,6161.8,6192.1,6118.6,6168.6
1591970400,6168.7,6180.6,6048.8,6050.2
1591984800,6050.1,6151,6047.8,6123.9
1592172000,6063.1,6087.7,6025.6,6076
1592186400,6076,6082.2,5953,5956.2
1592200800,5955.9,6053.2,5937,6050.1
1592215200,6050,6070.4,5993,6022.3
1592229600,6022.5,6111.7,6012.1,6095.4
1592244000,6095.3,6156.6,6095.3,6150.7
1592258400,6156,6190.8,6142.1,6185.5
1592272800,6185.6,6231.4,6184.7,6215.2
1592287200,6215.4,6243.9,6190.7,6207
1592301600,6206.9,6299.2,6198.9,6287.3
1592316000,6287.4,6307.2,6189.2,6250.1
1592330400,6250.3,6268.4,6215,6243.1
1592344800,6229.2,6274.2,6215.3,6239.4
1592359200,6239.7,6265.2,6224.2,6245.7
1592373600,6245.7,6316.5,6243.5,6264.9
1592388000,6264.8,6302.6,6260.1,6273.8
1592402400,6273.8,6280.6,6239.3,6268.7
1592416800,6268.8,6272.1,6226.4,6235.6
1592431200,6226.4,6240,6151.8,6170.7
1592445600,6170.6,6218.2,6157.2,6209.5
1592460000,6209.6,6292.8,6194.7,6257.6
1592474400,6257.6,6259.6,6189.2,6212.3
1592488800,6212.4,6241,6206.9,6235.1
1592503200,6235,6235.7,6208.3,6215.9
1592517600,6219,6260,6211.9,6226.9
1592532000,6227.4,6239.2,6220.5,6233.9
1592546400,6234.1,6317.9,6233.3,6302.4
1592560800,6302.3,6328.4,6294.7,6301.6
1592575200,6301.4,6322.3,6235.9,6238.2
1592589600,6238.1,6276.6,6204.5,6215.4
1592776800,6204.9,6255.5,6172.8,6245.4
1592791200,6245.3,6274.5,6242.7,6245.4
1592805600,6245.7,6318.6,6220.6,6307.9
1592820000,6307.8,6313.2,6253.9,6270.5
1592834400,6270.7,6280.8,6230.1,6272.5
1592848800,6272.6,6284.4,6256.4,6277.5
1592863200,6277.4,6307.4,6195.2,6267.7
1592877600,6268.6,6296.5,6253.7,6270.4
1592892000,6270.3,6321.3,6259.2,6318.2
1592906400,6318.1,6350.1,6314.4,6318.3
1592920800,6318.4,6339.3,6300.9,6322.9
1592935200,6322.8,6323.1,6278.2,6280.3
1592949600,6286.7,6309.4,6272.3,6285
1592964000,6284.8,6313.8,6275,6296.4
1592978400,6295.9,6303.4,6162.3,6173.2
1592992800,6173.4,6213.9,6173.1,6176.9
1593007200,6177,6185.8,6101.9,6127.7
1593021600,6127.8,6153.2,6115.4,6141.1
1593036000,6136.9,6158.4,6100.4,6104
1593050400,6104.3,6121.4,6083.8,6120.2
1593064800,6120.3,6149,6032,6122.8
1593079200,6122.9,6146.1,6096.7,6127
1593093600,6126.8,6193.8,6123.5,6179.3
1593108000,6179.4,6228.5,6164.4,6215.4
1593122400,6207,6226.2,6197.7,6219.7
1593136800,6219.9,6237.7,6204.7,6218.8
1593151200,6218.8,6251.1,6187,6247.2
1593165600,6247.2,6269.2,6217.1,6232.8
1593180000,6232.8,6232.8,6151.1,6172.3
1593194400,6172.2,6174.3,6139.5,6147.4
1593381600,6118.8,6178.3,6117.6,6173.9
1593396000,6173.6,6174.9,6116.2,6117.9
1593410400,6118,6193,6113.6,6188.4
1593424800,6188.5,6218,6166.5,6194.8
1593439200,6194.9,6259.3,6194.8,6242.3
1593453600,6242.4,6254.2,6223.2,6242.4
1593468000,6243.6,6269.3,6239.3,6246.1
1593482400,6245.9,6269.8,6227.8,6228.1
1593496800,6228.3,6252,6166.5,6206
1593511200,6206.1,6218.1,6151.9,6155.5
1593525600,6155.4,6197.9,6154.5,6168
1593540000,6167.9,6215.1,6161.9,6184.4
1593554400,6183.6,6206,6176,6200.3
1593568800,6200.4,6202.8,6169.3,6173.7
1593583200,6173.7,6196.7,6129.5,6130.7
1593597600,6130.8,6199.3,6086.8,6185.1
1593612000,6185,6209.3,6160,6181.4
1593626400,6181.6,6204,6173.3,6177.4
1593640800,6176.4,6193,6157.4,6187
1593655200,6187.3,6212.5,6184.8,6194.5
1593669600,6194.8,6232.3,6192.6,6212.7
1593684000,6212.8,6265,6194.3,6260.7
1593698400,6260.8,6263.7,6210.7,6253.6
1593712800,6253.3,6260.6,6229.9,6241.6
1593727200,6240.7,6260.1,6229.8,6239
1593741600,6239.2,6252.7,6234.4,6252.7
1593756000,6252.7,6268.9,6181.2,6182
1593770400,6181.9,6200.1,6152.6,6164.7
1593784800,6164.8,6177.5,6137.9,6175.6
1593799200,6175.5,6185.3,6164.6,6164.7
1593986400,6191.2,6247.4,6187.2,6236.9
1594000800,6237.1,6251.6,6228,6242.1
1594015200,6242.6,6309.6,6235.6,6277.6
1594029600,6277.5,6292.5,6257.4,6271
1594044000,6271,6294.6,6254,6286
1594058400,6286.1,6295.6,6274.1,6284.1
1594072800,6287.7,6323.6,6270.3,6270.3
1594087200,6270,6290.5,6258.9,6267.2
1594101600,6267.5,6267.5,6197.9,6206.9
1594116000,6207,6215.3,6183.1,6189.2
1594130400,6189.3,6201.8,6181.2,6195.7
1594144800,6195.8,6197.3,6151.6,6160.6
1594159200,6160.5,6185.3,6155.9,6166.5
1594173600,6166.4,6179.3,6139.4,6143.8
1594188000,6143.9,6213.4,6126.5,6168.6
1594202400,6168.6,6195.7,6152.1,6179.6
1594216800,6179.6,6184.8,6146.6,6157.5
1594231200,6157.6,6197.6,6154,6194.7
1594245600,6198.3,6201.3,6182,6185.3
1594260000,6185.4,6211.2,6182.2,6188
1594274400,6188.3,6193.6,6113.2,6124.4
1594288800,6124.3,6136.7,6112.1,6124.8
1594303200,6124.6,6128.9,6031.6,6060
1594317600,6060.1,6084.9,6057.4,6069.7
1594332000,6073.7,6097.5,6065.3,6079.8
1594346400,6079.9,6085.7,6015.1,6024.4
1594360800,6024.4,6084.9,5996.9,6073.3
1594375200,6073.3,6101.9,6066.9,6083.2
1594389600,6083,6117.9,6073,6115.9
1594404000,6115.9,6136.6,6110.7,6131.1
1594591200,6152.2,6166.4,6126.8,6144.4
1594605600,6144.7,6173.2,6138.5,6171.5
1594620000,6171.6,6190.3,6137.1,6160.2
1594634400,6160.1,6183.3,6148.7,6153.6
1594648800,6153.7,6196.5,6152.2,6192.3
1594663200,6192.4,6193.8,6087.1,6104.5
1594677600,6119.6,6129.7,6099.6,6114.8
1594692000,6114.7,6119.2,6090.8,6107.4
1594706400,6107.4,6162,6092.8,6159.8
1594720800,6159.8,6175.3,6132.7,6164.2
1594735200,6164.2,6188.6,6143.5,6181.8
1594749600,6181.8,6215.2,6178.5,6200.1
1594764000,6247.2,6252.2,6220,6233.3
1594778400,6233.4,6242.1,6216.8,6236.2
1594792800,6236.2,6244.5,6209,6232.6
1594807200,6232.7,6315,6226.9,6285.5
1594821600,6285.6,6327.3,6274.7,6295.6
1594836000,6295.5,6316.8,6288,6300.6
1594850400,6302.5,6314.9,6276.3,6290.3
1594864800,6290.5,6300.1,6257.9,6274.1
1594879200,6274.1,6286.4,6228.3,6257.9
1594893600,6257.8,6284.1,6248.2,6271
1594908000,6271,6280.6,6242.7,6264.2
1594922400,6264.2,6281.6,6246.4,6253.7
1594936800,6251.9,6281.9,6249.6,6274.6
1594951200,6274.5,6285.3,6259,6268
1594965600,6268,6284.4,6230.3,6274.9
1594980000,6274.7,6297,6271.7,6288.6
1594994400,6287.4,6299.4,6273.3,6288.5
1595008800,6288.6,6305.1,6286.9,6305.1
1595196000,6305.1,6308.9,6270.4,6274.5
1595210400,6274.5,6299.5,6271.1,6299.2
1595224800,6299.5,6303,6221.8,6270
1595239200,6270.1,6295.2,6239.9,6246.5
1595253600,6246.6,6278.9,6241.5,6267
1595268000,6266.9,6274,6257.1,6262.8
1595282400,6268,6283.2,6259.4,6276.8
1595296800,6276.9,6315.5,6262.9,6309.4
1595311200,6309.1,6319.8,6273.7,6297.3
1595325600,6297.4,6307.8,6277.1,6294.2
1595340000,6294.4,6295.9,6251.9,6262.7
1595354400,6262.6,6268.3,6238.2,6244.2
1595368800,6245.1,6272,6244,6259.7
1595383200,6259.6,6276.8,6244.9,6252
1595397600,6252,6273.8,6199.3,6218.6
1595412000,6218.5,6236.7,6203.5,6224.8
1595426400,6224.8,6225.1,6198.1,6198.4
1595440800,6198.3,6225,6197.8,6209.4
1595455200,6204.7,6218.2,6186.8,6215.9
1595469600,6215.8,6216.5,6189.3,6209.9
1595484000,6210,6277.8,6210,6244.1
1595498400,6244.3,6253,6219.8,6232
1595512800,6231.8,6234,6170.5,6176.9
1595527200,6176.5,6178.3,6152.5,6172.3
1595541600,6177.3,6185.2,6164.6,6172.4
1595556000,6172.3,6181,6137.5,6141.7
1595570400,6142.5,6153,6097.5,6145.9
1595584800,6145.9,6165,6119.5,6130.2
1595599200,6130.2,6145,6100.6,6116.9
1595613600,6117.2,6128.7,6098.1,6100.5
1595800800,6119.1,6141.6,6081.5,6131.2
1595815200,6131.3,6143.3,6120.5,6132.8
1595829600,6132.7,6138.2,6084.1,6115.5
1595844000,6115.4,6118.8,6097,6107.6
1595858400,6108.1,6126.3,6099.8,6115.8
1595872800,6115.8,6136.3,6110.9,6134.2
1595887200,6136.4,6162.9,6127.6,6147.4
1595901600,6147.3,6152.2,6116.8,6122.4
1595916000,6122.9,6152.1,6104.9,6108.9
1595930400,6109,6122.9,6081.8,6093.6
1595944800,6093.6,6137.5,6093,6129.5
1595959200,6129.5,6130,6098,6109.7
1595973600,6116.5,6129,6104,6114.3
1595988000,6114.4,6119.6,6101.6,6114
1596002400,6114.2,6154.7,6113,6145
1596016800,6145.1,6153.6,6124,6131.2
1596031200,6131.2,6137.5,6123.1,6130.9
1596045600,6131,6160,6128.7,6153.7
1596060000,6155.1,6155.6,6138.6,6142.9
1596074400,6142.8,6155.7,6139,6146.9
1596088800,6146.9,6161.5,6017.6,6035.7
1596103200,6035.8,6038.7,5949.6,5950
1596117600,5950.1,6027.5,5920.9,6011.5
1596132000,6011.8,6058.9,6008.4,6046.4
1596146400,6050.6,6055.9,6000,6029.2
1596160800,6029.1,6029.6,5972.5,5976.8
1596175200,5976.6,6050,5976,5981
1596189600,5981,5995.6,5953.9,5964
1596204000,5963.8,5964.8,5852.5,5865.1
1596218400,5865.4,5917,5854.4,5913
1596405600,5910.8,5927.5,5884.6,5924.4
1596420000,5924.3,5925.9,5908.2,5913.9
1596434400,5913.8,5920.2,5855.8,5906.3
1596448800,5906.2,5998.4,5900.6,5995.1
1596463200,5995.1,6040.4,5994.8,6018.8
1596477600,6018.9,6019.8,5996.3,6015.6
1596492000,6011.5,6040.4,6009.8,6023.4
1596506400,6023.4,6042.3,6014,6040.7
1596520800,6041.4,6054,5983.1,6030.2
1596535200,6030,6061.8,6013.3,6031.6
1596549600,6031.5,6045.3,6023.5,6039.2
1596564000,6039.5,6042.7,6021.6,6040.3
1596578400,6040.9,6043,6021.9,6024.9
1596592800,6025,6052.4,6024.4,6045
1596607200,6045,6112,6042.5,6106
1596621600,6106,6111.8,6082.9,6094.1
1596636000,6094.1,6106.8,6076.4,6084
1596650400,6084.1,6085.8,6063.3,6072.4
1596664800,6063.3,6094.3,6058.5,6076.6
1596679200,6076.6,6076.6,6049.7,6061.8
1596693600,6061.8,6073.3,6006.6,6028.3
1596708000,6028.4,6032.3,5977.2,6031.6
1596722400,6031.6,6042.9,6012.8,6032.1
1596736800,6032,6061.3,6031.6,6056.1
1596751200,6049.7,6051.5,6026.7,6034.5
1596765600,6034.5,6036.4,5999.2,6019.7
1596780000,6019.7,6045.7,5992.5,6012.7
1596794400,6012.5,6043.6,6006.2,6028
1596808800,6028,6038.4,6016.2,6020
1596823200,6019.9,6054.9,6011.8,6044.5
1597010400,6035.5,6055.8,6030,6049.2
1597024800,6049.4,6072.4,6047,6070.9
1597039200,6071.2,6100.2,6024,6045.3
1597053600,6045.5,6071.2,6040.6,6062
1597068000,6061.8,6069.6,6040.6,6065.7
1597082400,6065.8,6077.8,6062.8,6069.7
1597096800,6067,6097.5,6060.2,6089.8
1597111200,6089.7,6102.3,6085.9,6092.2
1597125600,6092.7,6197,6084.3,6187.5
1597140000,6187.4,6204.1,6138.6,6140.3
1597154400,6140.5,6180.8,6120.4,6180.7
1597168800,6180.8,6180.9,6110.4,6137.6
1597183200,6140.6,6165,6126.9,6142.7
1597197600,6142.4,6146.5,6123.8,6137.9
1597212000,6138,6207.4,6138,6199.8
1597226400,6199.8,6251.5,6195.6,6249.9
1597240800,6249.7,6294.9,6246.1,6274.4
1597255200,6274.3,6277.3,6249.1,6261.3
1597269600,6239.5,6244.9,6220,6225.1
1597284000,6225.3,6234.1,6215.6,6217.5
1597298400,6217.4,6228.3,6195.6,6216.3
1597312800,6216.3,6224.6,6185.2,6194.4
1597327200,6194.3,6197.3,6174.5,6183.1
1597341600,6183.2,6184.7,6156.7,6177
1597356000,6180.1,6193.6,6172.1,6185.2
1597370400,6185.1,6195.9,6176.8,6191.1
1597384800,6191.1,6198.6,6028.9,6052.9
1597399200,6052.9,6099.7,6037.3,6082
1597413600,6082,6093.6,6071.6,6078.1
1597428000,6078,6079.4,6055.6,6071.2
1597615200,6077,6085.9,6062.9,6069.3
1597629600,6069.5,6091,6069.4,6086
1597644000,6086,6114.6,6052.8,6093.1
1597658400,6092.9,6132.9,6090.6,6124.5
1597672800,6124.2,6137,6115.2,6116.3
1597687200,6116,6118.9,6105.3,6111.3
1597701600,6112.4,6130.1,6102.3,6110
1597716000,6109.9,6115.7,6094.8,6112.1
1597730400,6111.6,6142.1,6054.1,6134.2
1597744800,6134.3,6158.5,6092,6095.3
1597759200,6095.2,6096.7,6058.2,6072.8
1597773600,6072.5,6076.8,6057.4,6064.6
1597788000,6066.1,6086.8,6058.7,6072.1
1597802400,6072.3,6089.3,6071.8,6085.9
1597816800,6085.9,6089.4,6038.1,6083.8
1597831200,6083.9,6095.5,6070.6,6089.9
1597845600,6089.8,6114.3,6086.5,6094.3
1597860000,6094.5,6104.6,6069,6073.7
1597874400,6075.6,6075.7,6031.5,6033.9
1597888800,6033.4,6034.3,6002,6021.1
1597903200,6021.1,6072.3,6004.1,6030.1
1597917600,6030.2,6049.9,6003,6021.8
1597932000,6021.6,6029.9,6004.8,6006.6
1597946400,6006.7,6017.9,6001,6008.7
1597960800,6011.7,6041.4,6002,6009.9
1597975200,6010.1,6021.9,6001.9,6014.4
1597989600,6014.4,6032.6,5974.4,6017
1598004000,6016.9,6022.5,5942,5985.3
1598018400,5985.1,6003.9,5974.5,5997.2
1598032800,5997.4,6015.2,5996.7,6004.5
1598220000,6018,6028,5999.7,6021.9
1598234400,6022,6032,6009.5,6029.9
1598248800,6030.2,6112.9,6027.2,6104.1
1598263200,6104.1,6116.6,6075.1,6082.5
1598277600,6082.7,6103.6,6080.5,6095.8
1598292000,6095.7,6109.4,6087.4,6105.1
1598306400,6105.7,6135.4,6103.7,6131.9
1598320800,6131.8,6134.9,6112.4,6114.4
1598335200,6114.5,6171.4,6098.3,6109.8
1598349600,6110,6119.6,6077.1,6078.4
1598364000,6078.3,6080,6009.3,6026.6
1598378400,6026.7,6048.9,6019.6,6042.3
1598392800,6042.2,6054.9,6030.7,6035.2
1598407200,6035.1,6049.7,6030.7,6040
1598421600,6040,6047.5,5986.2,6023
1598436000,6023.1,6048,6009,6029.9
1598450400,6029.9,6051.6,6018.3,6046
1598464800,6045.9,6059.1,6040.4,6052.9
1598479200,6049.4,6056.9,6037,6041.6
1598493600,6041.5,6050,6033.8,6039.2
1598508000,6038.2,6052,6005.5,6022.2
1598522400,6022.3,6059.6,6020,6051.7
1598536800,6051.9,6055.4,5982.7,5999.9
1598551200,5999.9,6015.1,5992.4,6005.6
1598565600,6007.4,6026.5,6001.8,6017.4
1598580000,6017.5,6040.1,6005.3,6034
1598594400,6034.3,6039.2,5957.2,6016.7
1598608800,6016.6,6018.7,5981.3,5989.2
1598623200,5989.4,5990.5,5948.4,5960
1598637600,5960.1,5982.3,5958.6,5976.9
1598824800,5989.9,5993.7,5974.4,5987
1598839200,5987.3,5990.9,5975.2,5976.1
1598853600,5976.5,5983.2,5959.4,5973.3
1598911200,5926.9,5945.5,5921.6,5945.3
1598925600,5945.3,5946.8,5933.4,5944.9
1598940000,5944.8,5968.7,5872.9,5875
1598954400,5875.1,5894,5817.4,5824.8
1598968800,5824.8,5869.8,5824.8,5843.4
1598983200,5843.5,5866.7,5840.3,5864.4
1598997600,5864.7,5892,5862.1,5879.2
1599012000,5879.4,5902.5,5875.9,5892.3
1599026400,5892.3,5978.6,5888.6,5963.2
1599040800,5963.2,5971.3,5927.1,5938.1
1599055200,5938.2,5958.9,5925.6,5955.3
1599069600,5955.2,5971.1,5948.7,5964.9
1599084000,5957.1,5971,5944.9,5968.9
1599098400,5968.9,5971.5,5949.3,5953
1599112800,5952.7,5999.3,5943.9,5977.1
1599127200,5976.8,5997.3,5952.7,5961.5
1599141600,5961.2,5970.1,5813.9,5818.8
1599156000,5818.8,5832.6,5793.6,5820.3
1599170400,5806.4,5834.1,5761.5,5826.8
1599184800,5826.9,5830.6,5804.6,5824.6
1599199200,5824.9,5898.3,5791.3,5895.6
1599213600,5895.7,5904,5840.6,5869.2
1599228000,5869.3,5881.2,5775.5,5815.6
1599242400,5815.5,5857.8,5806.4,5824.8
1599429600,5811.3,5863.6,5777.4,5857.2
1599444000,5857.7,5858.5,5837.5,5841.7
1599458400,5841.3,5890.3,5815.1,5874.3
1599472800,5874.4,5941.8,5868.9,5926.4
1599487200,5926.4,5948.6,5925.8,5944.8
1599501600,5944.7,5947.5,5933.7,5933.8
1599516000,5937.4,5956.7,5934.2,5950.4
1599530400,5950.4,5956.7,5929.7,5956.6
1599544800,5957.1,5988.3,5900.8,5918.3
1599559200,5918.4,5935.3,5868.9,5901.4
1599573600,5901.6,5953.2,5871.9,5950.5
1599588000,5950.5,5952.2,5895.9,5906.7
1599602400,5895.4,5914.7,5844,5906.2
1599616800,5906.4,5926.4,5892,5897.9
1599631200,5898.2,6006.4,5885.4,5989.5
1599645600,5989.6,6023.3,5960.9,6023.3
1599660000,6023.1,6033.5,6005.5,6022.5
1599674400,6022.4,6038.3,5991.9,6003.3
1599688800,6012.3,6034.2,5995.2,6000
1599703200,5999.9,6016.4,5987.6,6015.4
1599717600,6015.4,6023.1,5959.7,5985.8
1599732000,5985.7,6029.9,5948.7,6012.4
1599746400,6012.5,6021.9,5983.8,5985.5
1599760800,5985.4,5991.6,5944.8,5964.5
1599775200,5977.7,5995.6,5964.4,5988.8
1599789600,5988.9,6004.8,5978.3,5999.6
1599804000,5999.7,6030.6,5988.1,6025
1599818400,6025.1,6039.4,6007.9,6012.1
1599832800,6011.9,6059.9,5994.8,6000.7
1599847200,6000.8,6041.2,5997.1,6023.3
1600034400,6019.3,6065.5,6018.8,6050.5
1600048800,6050.6,6068.8,6048.3,6059.6
1600063200,6059.6,6082.3,6013.2,6016.9
1600077600,6017,6050.9,6010.9,6026.8
1600092000,6027,6037.3,6015.2,6024.8
1600106400,6024.5,6034.4,6009.4,6012
1600120800,6019.1,6034.2,6012.7,6028.4
1600135200,6028.3,6036.8,6024.9,6034.7
1600149600,6034.9,6088.9,6029.2,6080.8
1600164000,6080.7,6109.7,6073.4,6091.2
1600178400,6091.2,6128,6085,6097.1
1600192800,6097.1,6097.6,6071.1,6085.2
1600207200,6089,6091.6,6064.8,6082.7
1600221600,6082.6,6092.3,6073.3,6073.3
1600236000,6073.3,6120.9,6073.3,6112.1
1600250400,6112.2,6113.3,6056.6,6069.3
1600264800,6069.4,6087.3,6058.3,6084.6
1600279200,6084.8,6105.8,6067.6,6075.8
1600293600,6071.9,6086.7,6042.2,6046.6
1600308000,6046.7,6049.5,6027.7,6033.8
1600322400,6033.7,6044.8,5995.8,6021.6
1600336800,6021.5,6062.7,6017.4,6055.1
1600351200,6055.3,6075.6,6021.7,6047.7
1600365600,6047.9,6057,6033.5,6044.5
1600380000,6041.2,6063.7,6026.6,6042.3
1600394400,6042.5,6057,6039.4,6051.9
1600408800,6051.8,6072,6014.9,6046.4
1600423200,6046.5,6047,6008.1,6022.1
1600437600,6022.1,6038,5980.4,5999.8
1600452000,5999.7,6012.9,5992.1,5998.6
1600639200,5993.1,6011.9,5961,5980.2
1600653600,5979.9,5990.1,5950.6,5957.2
1600668000,5957.7,5963.7,5801.1,5802
1600682400,5801.8,5837.8,5789.7,5827.4
1600696800,5827.5,5831.1,5777.8,5825.4
1600711200,5825.3,5842.6,5810.4,5832
1600725600,5826.7,5857.3,5819.5,5825.8
1600740000,5826.4,5843,5816.5,5818.6
1600754400,5818.8,5844.6,5793.1,5826.7
1600768800,5826.4,5867.2,5812.1,5842.1
1600783200,5842,5872.5,5824,5860.5
1600797600,5860.8,5892.5,5860.8,5882.4
1600812000,5883.9,5901.7,5869.8,5889.9
1600826400,5889.9,5906.7,5876.4,5904.8
1600840800,5905.1,5975.2,5870.8,5975.2
1600855200,5975.1,5977.8,5927.3,5929.4
1600869600,5929.4,5935.9,5884.5,5890.1
1600884000,5890,5890.2,5847.7,5860.8
1600898400,5863.3,5872.8,5826.2,5852.2
1600912800,5852,5870,5827.3,5846.6
1600927200,5846.7,5880.1,5822.6,5865.7
1600941600,5865.6,5897.1,5811.4,5834.4
1600956000,5834.5,5866.7,5805.1,5859.7
1600970400,5860.1,5862.3,5820.2,5837.4
1600984800,5846.8,5879.5,5843.2,5868.6
1600999200,5868.5,5878.1,5855.1,5859.1
1601013600,5859.4,5859.9,5795.6,5814.6
1601028000,5814.7,5831.3,5771.4,5824
1601042400,5824.1,5860.4,5800.7,5857.7
1601056800,5857.8,5882.9,5856.7,5873.6
1601244000,5892.9,5902.7,5875.5,5901
1601258400,5901.1,5918.8,5900.2,5916.2
1601272800,5916.5,5945,5902.8,5921.6
1601287200,5921.5,5955.7,5915.1,5944.1
1601301600,5944.1,5957.7,5922.9,5932.1